epoch,time,train/box_loss,train/cls_loss,train/dfl_loss,metrics/precision(B),metrics/recall(B),metrics/mAP50(B),metrics/mAP50-95(B),val/box_loss,val/cls_loss,val/dfl_loss,lr/pg0,lr/pg1,lr/pg2
1,20.7182,1.75796,4.44256,1.45598,0.00566,0.8,0.00735,0.00239,1.3935,3.73404,1.08494,6.668e-05,6.668e-05,6.668e-05
2,39.9506,1.32226,3.86383,1.16982,0.00674,1,0.02609,0.01431,1.13177,3.54631,0.96132,0.000148173,0.000148173,0.000148173
3,60.8671,1.24925,3.22593,1.11587,0.0067,1,0.04742,0.02803,1.06797,3.4839,0.92157,0.000227604,0.000227604,0.000227604
4,80.316,1.30507,2.25959,1.10393,0.0067,1,0.21908,0.11932,1.07142,3.22642,0.89719,0.000304971,0.000304971,0.000304971
5,97.377,1.3301,1.75271,1.07816,0.00669,1,0.94818,0.63144,1.07443,3.03771,0.92012,0.000380276,0.000380276,0.000380276
6,114.21,1.1386,1.42879,1.02259,0.00669,1,0.89994,0.62096,1.11337,2.97118,0.93045,0.000453518,0.000453518,0.000453518
7,130.999,1.18227,1.62784,1.01477,0.00668,1,0.995,0.69233,1.08984,2.89661,0.92557,0.000524697,0.000524697,0.000524697
8,156.649,1.13983,1.33381,0.99699,0.00671,1,0.995,0.67428,1.12481,2.81876,0.92204,0.000593812,0.000593812,0.000593812
9,175.986,1.14397,1.44829,0.99617,0.00679,1,0.97132,0.67608,1.10966,2.77869,0.91286,0.000660865,0.000660865,0.000660865
10,194.44,1.1182,1.28866,0.9903,0.95676,0.50267,0.68768,0.43294,1.20969,2.84402,0.96115,0.000725856,0.000725856,0.000725856
11,213.542,1.23125,1.34304,1.01779,0.00671,1,0.77611,0.509,1.19645,2.80894,0.97064,0.000788783,0.000788783,0.000788783
12,232.545,1.11365,1.26729,1.00723,1,0.40443,0.90801,0.65912,1.05011,2.67099,0.93043,0.000849647,0.000849647,0.000849647
13,251.679,1.10291,1.23516,0.99067,1,0.37273,0.89775,0.66147,1.01727,2.67518,0.91518,0.000908448,0.000908448,0.000908448
14,269.717,1.13718,1.32867,1.04071,1,0.37273,0.89775,0.66147,1.01727,2.67518,0.91518,0.000965187,0.000965187,0.000965187
15,286.205,1.06932,1.27228,0.98224,0.99361,0.5,0.85648,0.61692,1.05314,2.721,0.92083,0.00101986,0.00101986,0.00101986
16,302.365,1.05283,1.17427,0.96499,1,0.30121,0.995,0.70406,1.15197,2.3352,0.93734,0.00107247,0.00107247,0.00107247
17,319.363,1.05767,1.10321,0.99367,1,0.81097,0.995,0.68228,1.25745,2.05597,0.96812,0.00112302,0.00112302,0.00112302
18,338.015,1.04241,1.09382,0.9792,1,0.81097,0.995,0.68228,1.25745,2.05597,0.96812,0.00117151,0.00117151,0.00117151
19,357.966,1.05941,1.08838,0.99509,1,0.83629,0.995,0.71351,1.10816,2.07963,0.93042,0.00121794,0.00121794,0.00121794
20,376.217,1.02197,1.09973,0.97394,0.94462,0.96689,0.995,0.68837,1.10027,1.69739,0.91516,0.0012623,0.0012623,0.0012623
21,406.74,1.03587,1.08789,0.97944,0.94462,0.96689,0.995,0.68837,1.10027,1.69739,0.91516,0.00125442,0.00125442,0.00125442
22,425.089,1.03915,1.01752,0.98146,0.96265,0.98238,0.995,0.686,1.17928,1.41923,0.91775,0.00123379,0.00123379,0.00123379
23,443.116,1.11947,1.08525,1.00597,0.96689,1,0.995,0.65157,1.23722,1.08739,0.94803,0.00121316,0.00121316,0.00121316
24,459.217,1.07904,1.03509,0.98686,0.96689,1,0.995,0.65157,1.23722,1.08739,0.94803,0.00119253,0.00119253,0.00119253
25,476.223,0.95597,1.06435,0.96185,0.98737,1,0.995,0.63887,1.24564,1.05618,0.96294,0.0011719,0.0011719,0.0011719
26,493.291,1.01896,1.03805,0.96691,0.98737,1,0.995,0.63887,1.24564,1.05618,0.96294,0.00115127,0.00115127,0.00115127
27,509.729,1.02052,1.05557,0.97378,0.97942,1,0.995,0.67319,1.19112,0.96103,0.94564,0.00113064,0.00113064,0.00113064
28,526.397,0.94621,0.9946,0.94723,0.99068,1,0.995,0.68812,1.10308,0.83576,0.91487,0.00111001,0.00111001,0.00111001
29,542.851,0.90904,0.98399,0.94808,0.99068,1,0.995,0.68812,1.10308,0.83576,0.91487,0.00108938,0.00108938,0.00108938
30,559.381,0.92161,0.90338,0.93739,0.97683,1,0.995,0.67823,1.1004,0.86048,0.92019,0.00106876,0.00106876,0.00106876
31,576.355,0.94195,0.93744,0.95026,0.97113,1,0.995,0.68831,1.10462,0.90646,0.92792,0.00104813,0.00104813,0.00104813
32,593.404,1.03137,0.9514,0.94207,0.97113,1,0.995,0.68831,1.10462,0.90646,0.92792,0.0010275,0.0010275,0.0010275
33,609.844,0.99888,0.93858,0.99142,0.98363,1,0.995,0.70636,1.05532,0.85768,0.91283,0.00100687,0.00100687,0.00100687
34,626.318,0.9469,0.89847,0.93781,0.98363,1,0.995,0.70636,1.05532,0.85768,0.91283,0.000986239,0.000986239,0.000986239
35,643.019,0.98492,0.94383,0.98203,0.9886,1,0.995,0.7084,1.03594,0.79871,0.90955,0.00096561,0.00096561,0.00096561
36,659.629,0.99362,0.87853,0.94849,0.9911,1,0.995,0.70619,1.03916,0.76008,0.90399,0.000944981,0.000944981,0.000944981
37,675.771,0.89679,0.87959,0.93482,0.9911,1,0.995,0.70619,1.03916,0.76008,0.90399,0.000924352,0.000924352,0.000924352
38,692.608,0.92426,0.9073,0.94137,0.98456,1,0.995,0.69398,1.12762,0.80598,0.92482,0.000903722,0.000903722,0.000903722
39,709.332,1.00206,0.89663,0.94339,0.98419,1,0.995,0.67232,1.209,0.84459,0.94816,0.000883093,0.000883093,0.000883093
